config,subject,run,test,rps,avg_ms,min_ms,p50_ms,p95_ms,p99_ms,max_ms
mixed-c50,virtual,1,PING_INLINE,53676.86,0.542,0.056,0.431,1.055,2.671,15.471
mixed-c50,virtual,1,PING_MBULK,66979.23,0.409,0.120,0.399,0.599,0.783,2.735
mixed-c50,virtual,1,SET,66401.06,0.413,0.088,0.399,0.607,0.815,1.679
mixed-c50,virtual,1,GET,66666.66,0.411,0.128,0.399,0.607,0.791,1.751
mixed-c50,virtual,1,INCR,64432.99,0.429,0.080,0.407,0.631,0.935,6.855
mixed-c50,virtual,1,LPUSH,64641.24,0.428,0.096,0.407,0.631,0.871,11.879
mixed-c50,virtual,1,RPOP,64061.50,0.433,0.088,0.407,0.647,0.991,7.431
mixed-c50,virtual,1,SADD,64892.93,0.423,0.080,0.407,0.631,0.839,9.103
mixed-c50,virtual,1,HSET,65876.16,0.418,0.072,0.399,0.623,0.855,3.583
mixed-c50,virtual,1,ZADD,64432.99,0.429,0.088,0.407,0.639,0.943,5.879
mixed-c50,virtual,1,MSET (10 keys),63775.51,0.437,0.080,0.415,0.655,1.007,4.287
mixed-c50,eventloop,1,PING_INLINE,114285.71,0.260,0.056,0.207,0.519,0.903,26.655
mixed-c50,eventloop,1,PING_MBULK,127713.92,0.208,0.024,0.199,0.287,0.423,5.007
mixed-c50,eventloop,1,SET,130718.95,0.208,0.056,0.199,0.295,0.487,2.911
mixed-c50,eventloop,1,GET,130208.34,0.202,0.048,0.191,0.287,0.415,1.879
mixed-c50,eventloop,1,INCR,127877.23,0.228,0.016,0.199,0.415,0.687,15.111
mixed-c50,eventloop,1,LPUSH,130718.95,0.219,0.048,0.191,0.391,0.583,12.023
mixed-c50,eventloop,1,RPOP,133333.33,0.212,0.064,0.191,0.327,0.527,9.311
mixed-c50,eventloop,1,SADD,117785.63,0.238,0.056,0.215,0.391,0.607,8.399
mixed-c50,eventloop,1,HSET,111482.72,0.254,0.056,0.215,0.479,0.815,7.823
mixed-c50,eventloop,1,ZADD,118623.96,0.234,0.048,0.215,0.335,0.543,10.007
mixed-c50,eventloop,1,MSET (10 keys),128205.13,0.252,0.056,0.215,0.439,0.743,2.799
mixed-c50,redis,1,PING_INLINE,119617.22,0.226,0.064,0.223,0.319,0.455,1.575
mixed-c50,redis,1,PING_MBULK,101522.84,0.261,0.048,0.223,0.511,0.935,2.303
mixed-c50,redis,1,SET,107296.14,0.248,0.064,0.223,0.447,0.815,2.199
mixed-c50,redis,1,GET,124843.95,0.217,0.048,0.207,0.311,0.455,6.927
mixed-c50,redis,1,INCR,96711.80,0.291,0.064,0.223,0.551,1.087,10.255
mixed-c50,redis,1,LPUSH,119474.31,0.232,0.040,0.215,0.343,0.527,6.879
mixed-c50,redis,1,RPOP,130208.34,0.204,0.064,0.199,0.279,0.423,6.687
mixed-c50,redis,1,SADD,126103.41,0.214,0.056,0.207,0.311,0.455,1.215
mixed-c50,redis,1,HSET,127551.02,0.210,0.056,0.199,0.295,0.415,1.359
mixed-c50,redis,1,ZADD,131406.05,0.207,0.048,0.199,0.287,0.399,7.455
mixed-c50,redis,1,MSET (10 keys),140056.03,0.238,0.056,0.215,0.375,0.543,8.327
mixed-c50,virtual,2,PING_INLINE,55126.79,0.498,0.080,0.487,0.711,0.919,1.863
mixed-c50,virtual,2,PING_MBULK,53619.30,0.512,0.096,0.495,0.735,0.951,2.495
mixed-c50,virtual,2,SET,53619.30,0.512,0.120,0.495,0.743,0.967,1.807
mixed-c50,virtual,2,GET,51948.05,0.533,0.112,0.503,0.783,1.151,12.159
mixed-c50,virtual,2,INCR,53908.36,0.508,0.128,0.495,0.727,0.943,1.967
mixed-c50,virtual,2,LPUSH,54704.60,0.503,0.104,0.487,0.711,0.927,3.991
mixed-c50,virtual,2,RPOP,53447.35,0.514,0.136,0.495,0.743,0.959,3.999
mixed-c50,virtual,2,SADD,52742.62,0.519,0.128,0.503,0.743,1.047,13.407
mixed-c50,virtual,2,HSET,53361.79,0.516,0.080,0.503,0.735,0.959,6.591
mixed-c50,virtual,2,ZADD,51679.59,0.534,0.104,0.503,0.743,1.055,28.511
mixed-c50,virtual,2,MSET (10 keys),52603.89,0.529,0.104,0.511,0.767,1.151,2.727
mixed-c50,eventloop,2,PING_INLINE,114025.09,0.236,0.080,0.223,0.327,0.511,2.527
mixed-c50,eventloop,2,PING_MBULK,117924.53,0.226,0.048,0.215,0.311,0.487,1.695
mixed-c50,eventloop,2,SET,123609.39,0.218,0.056,0.207,0.295,0.487,2.447
mixed-c50,eventloop,2,GET,123152.71,0.223,0.072,0.207,0.335,0.543,2.407
mixed-c50,eventloop,2,INCR,113895.21,0.252,0.072,0.215,0.447,0.743,3.535
mixed-c50,eventloop,2,LPUSH,98425.20,0.301,0.056,0.239,0.583,0.855,9.175
mixed-c50,eventloop,2,RPOP,114025.09,0.243,0.072,0.215,0.383,0.735,6.847
mixed-c50,eventloop,2,SADD,126582.27,0.214,0.056,0.207,0.295,0.431,2.263
mixed-c50,eventloop,2,HSET,127877.23,0.215,0.080,0.199,0.319,0.487,2.535
mixed-c50,eventloop,2,ZADD,127877.23,0.214,0.080,0.199,0.311,0.511,2.143
mixed-c50,eventloop,2,MSET (10 keys),132978.73,0.246,0.048,0.215,0.415,0.663,7.191
mixed-c50,redis,2,PING_INLINE,125470.52,0.213,0.056,0.207,0.295,0.431,1.487
mixed-c50,redis,2,PING_MBULK,126903.55,0.214,0.048,0.207,0.303,0.487,1.503
mixed-c50,redis,2,SET,131061.59,0.207,0.056,0.199,0.295,0.423,1.383
mixed-c50,redis,2,GET,131061.59,0.207,0.056,0.199,0.295,0.431,1.623
mixed-c50,redis,2,INCR,128534.70,0.213,0.056,0.207,0.319,0.463,1.519
mixed-c50,redis,2,LPUSH,134589.50,0.206,0.048,0.199,0.311,0.455,1.135
mixed-c50,redis,2,RPOP,136986.30,0.200,0.048,0.191,0.287,0.447,1.647
mixed-c50,redis,2,SADD,126262.62,0.216,0.056,0.199,0.327,0.527,1.951
mixed-c50,redis,2,HSET,94428.70,0.313,0.064,0.231,0.623,1.943,5.615
mixed-c50,redis,2,ZADD,133868.81,0.207,0.056,0.199,0.311,0.447,1.255
mixed-c50,redis,2,MSET (10 keys),143678.17,0.219,0.056,0.207,0.335,0.487,1.527
mixed-c50,virtual,3,PING_INLINE,55710.31,0.493,0.128,0.479,0.703,0.927,1.735
mixed-c50,virtual,3,PING_MBULK,53821.31,0.510,0.112,0.495,0.719,0.951,8.407
mixed-c50,virtual,3,SET,53248.14,0.517,0.072,0.503,0.743,0.975,6.479
mixed-c50,virtual,3,GET,53078.56,0.517,0.128,0.503,0.743,1.015,3.799
mixed-c50,virtual,3,INCR,54585.15,0.503,0.096,0.487,0.719,0.927,2.263
mixed-c50,virtual,3,LPUSH,53734.55,0.511,0.144,0.495,0.719,0.951,3.959
mixed-c50,virtual,3,RPOP,52110.47,0.528,0.176,0.503,0.783,1.167,6.679
mixed-c50,virtual,3,SADD,54141.85,0.507,0.080,0.495,0.727,0.959,2.527
mixed-c50,virtual,3,HSET,47438.33,0.594,0.104,0.519,0.991,2.143,33.791
mixed-c50,virtual,3,ZADD,54377.38,0.506,0.120,0.495,0.719,0.943,3.751
mixed-c50,virtual,3,MSET (10 keys),51572.98,0.537,0.168,0.519,0.783,1.207,3.039
mixed-c50,eventloop,3,PING_INLINE,108813.92,0.247,0.064,0.239,0.335,0.487,2.439
mixed-c50,eventloop,3,PING_MBULK,117924.53,0.227,0.072,0.223,0.303,0.479,2.479
mixed-c50,eventloop,3,SET,116822.43,0.232,0.040,0.223,0.335,0.559,2.151
mixed-c50,eventloop,3,GET,120772.95,0.222,0.048,0.215,0.303,0.471,2.215
mixed-c50,eventloop,3,INCR,125000.00,0.220,0.056,0.207,0.319,0.495,2.055
mixed-c50,eventloop,3,LPUSH,127713.92,0.212,0.056,0.199,0.303,0.479,3.975
mixed-c50,eventloop,3,RPOP,121506.68,0.229,0.056,0.207,0.351,0.591,4.631
mixed-c50,eventloop,3,SADD,125628.14,0.220,0.056,0.199,0.343,0.503,3.135
mixed-c50,eventloop,3,HSET,129701.68,0.212,0.064,0.199,0.303,0.487,2.127
mixed-c50,eventloop,3,ZADD,128700.12,0.210,0.072,0.199,0.287,0.447,2.047
mixed-c50,eventloop,3,MSET (10 keys),135318.00,0.253,0.056,0.223,0.447,0.695,2.687
mixed-c50,redis,3,PING_INLINE,122850.12,0.226,0.056,0.207,0.311,0.431,22.031
mixed-c50,redis,3,PING_MBULK,112485.94,0.244,0.056,0.223,0.407,0.647,4.039
mixed-c50,redis,3,SET,124688.28,0.215,0.048,0.207,0.303,0.447,1.415
mixed-c50,redis,3,GET,129032.27,0.207,0.056,0.199,0.271,0.391,1.591
mixed-c50,redis,3,INCR,127877.23,0.209,0.048,0.199,0.279,0.431,1.719
mixed-c50,redis,3,LPUSH,67069.08,0.446,0.080,0.303,0.847,3.687,25.567
mixed-c50,redis,3,RPOP,102986.61,0.301,0.072,0.247,0.519,0.831,4.575
mixed-c50,redis,3,SADD,112994.35,0.246,0.056,0.223,0.415,0.535,2.647
mixed-c50,redis,3,HSET,132626.00,0.201,0.072,0.199,0.263,0.367,1.543
mixed-c50,redis,3,ZADD,133333.33,0.217,0.064,0.199,0.367,0.479,1.591
mixed-c50,redis,3,MSET (10 keys),141442.72,0.228,0.056,0.207,0.359,0.559,1.743
pipelined-P16,virtual,1,SET,761035.00,0.596,0.120,0.559,0.959,1.519,4.359
pipelined-P16,virtual,1,GET,737463.12,0.610,0.232,0.575,0.895,1.591,2.703
pipelined-P16,eventloop,1,SET,854700.88,0.920,0.088,0.847,1.671,2.439,4.159
pipelined-P16,eventloop,1,GET,924214.38,0.852,0.128,0.823,1.231,2.207,4.327
pipelined-P16,redis,1,SET,1373626.38,0.486,0.152,0.471,0.695,1.079,1.831
pipelined-P16,redis,1,GET,1607717.12,0.417,0.144,0.407,0.607,0.863,2.063
pipelined-P16,virtual,2,SET,784929.31,0.573,0.064,0.543,0.831,1.503,2.351
pipelined-P16,virtual,2,GET,739645.00,0.597,0.152,0.583,0.807,1.519,2.103
pipelined-P16,eventloop,2,SET,929368.06,0.834,0.144,0.839,1.159,2.023,4.623
pipelined-P16,eventloop,2,GET,936329.62,0.833,0.088,0.831,1.255,1.887,4.135
pipelined-P16,redis,2,SET,1288659.75,0.522,0.152,0.495,0.799,1.239,2.655
pipelined-P16,redis,2,GET,1597444.12,0.414,0.136,0.399,0.623,0.879,1.343
pipelined-P16,virtual,3,SET,568828.19,0.807,0.208,0.575,1.703,6.271,26.383
pipelined-P16,virtual,3,GET,636132.31,0.710,0.120,0.639,1.327,1.863,4.671
pipelined-P16,eventloop,3,SET,917431.19,0.861,0.160,0.831,1.127,2.039,3.335
pipelined-P16,eventloop,3,GET,963391.12,0.817,0.120,0.815,1.031,1.735,3.327
pipelined-P16,redis,3,SET,1408450.75,0.488,0.136,0.479,0.671,0.863,3.247
pipelined-P16,redis,3,GET,1689189.12,0.396,0.136,0.391,0.559,0.655,1.247
connections-c500,virtual,1,SET,51282.05,4.991,0.776,4.935,8.023,10.623,15.447
connections-c500,virtual,1,GET,55279.16,4.653,1.416,4.511,7.143,9.615,19.487
connections-c500,eventloop,1,SET,111607.14,2.271,0.704,2.143,3.127,4.695,6.727
connections-c500,eventloop,1,GET,126422.25,2.007,0.616,1.943,2.479,3.231,6.487
connections-c500,redis,1,SET,124378.11,2.045,0.832,1.991,2.487,3.159,9.319
connections-c500,redis,1,GET,122100.12,2.061,0.800,2.023,2.583,3.111,4.767
connections-c500,virtual,2,SET,56818.18,4.487,0.896,4.471,6.751,7.647,10.295
connections-c500,virtual,2,GET,54704.60,4.650,1.128,4.575,6.751,7.855,10.407
connections-c500,eventloop,2,SET,128040.97,1.973,0.648,1.951,2.319,2.695,4.575
connections-c500,eventloop,2,GET,126742.72,1.993,1.000,1.943,2.511,3.127,4.959
connections-c500,redis,2,SET,117647.05,2.137,0.688,2.087,2.663,3.183,5.159
connections-c500,redis,2,GET,118623.96,2.120,0.968,2.079,2.575,3.039,4.335
connections-c500,virtual,3,SET,55586.44,4.589,1.424,4.591,6.855,7.975,14.207
connections-c500,virtual,3,GET,56980.06,4.472,1.440,4.471,6.431,7.327,9.127
connections-c500,eventloop,3,SET,123609.39,2.050,0.680,1.991,2.583,3.655,5.575
connections-c500,eventloop,3,GET,127713.92,1.981,0.824,1.927,2.447,3.519,6.927
connections-c500,redis,3,SET,117233.30,2.152,0.832,2.095,2.879,3.727,4.775
connections-c500,redis,3,GET,93808.63,2.726,0.928,2.231,5.455,9.295,18.863
